timestamp,n,dx,dy,method,time_sec
2025-11-16 23:42:15,100000,40,20,Slow Circle,0.002634959
2025-11-16 23:42:15,100000,40,20,Fast Circle,0.003535708
2025-11-16 23:42:15,100000,40,20,Slow Oval,0.005616000
2025-11-16 23:42:15,100000,40,20,Fast Oval,0.003247750
2025-11-16 23:42:17,100000,40,20,Slow Circle,0.002940916
2025-11-16 23:42:17,100000,40,20,Fast Circle,0.003296625
2025-11-16 23:42:17,100000,40,20,Slow Oval,0.004824333
2025-11-16 23:42:17,100000,40,20,Fast Oval,0.002149125
2025-11-16 23:42:17,100000,40,20,Slow Circle,0.003050333
2025-11-16 23:42:17,100000,40,20,Fast Circle,0.003044584
2025-11-16 23:42:17,100000,40,20,Slow Oval,0.003613041
2025-11-16 23:42:17,100000,40,20,Fast Oval,0.001104125
2025-11-16 23:42:18,100000,40,20,Slow Circle,0.004705250
2025-11-16 23:42:18,100000,40,20,Fast Circle,0.003563750
2025-11-16 23:42:18,100000,40,20,Slow Oval,0.004454958
2025-11-16 23:42:18,100000,40,20,Fast Oval,0.002157125
2025-11-16 23:42:18,100000,40,20,Slow Circle,0.002706083
2025-11-16 23:42:18,100000,40,20,Fast Circle,0.008005958
2025-11-16 23:42:18,100000,40,20,Slow Oval,0.005567083
2025-11-16 23:42:18,100000,40,20,Fast Oval,0.001627250
2025-11-16 23:42:18,100000,40,20,Slow Circle,0.002976708
2025-11-16 23:42:18,100000,40,20,Fast Circle,0.010542334
2025-11-16 23:42:18,100000,40,20,Slow Oval,0.006115917
2025-11-16 23:42:18,100000,40,20,Fast Oval,0.002043042
2025-11-16 23:42:18,100000,40,20,Slow Circle,0.001172209
2025-11-16 23:42:18,100000,40,20,Fast Circle,0.001790291
2025-11-16 23:42:18,100000,40,20,Slow Oval,0.003358708
2025-11-16 23:42:18,100000,40,20,Fast Oval,0.002565458
2025-11-16 23:42:18,100000,40,20,Slow Circle,0.001179291
2025-11-16 23:42:18,100000,40,20,Fast Circle,0.001782291
2025-11-16 23:42:18,100000,40,20,Slow Oval,0.003921250
2025-11-16 23:42:18,100000,40,20,Fast Oval,0.003159750
2025-11-16 23:42:18,100000,40,20,Slow Circle,0.001164792
2025-11-16 23:42:18,100000,40,20,Fast Circle,0.001775708
2025-11-16 23:42:18,100000,40,20,Slow Oval,0.004474125
2025-11-16 23:42:18,100000,40,20,Fast Oval,0.003620500
2025-11-16 23:42:18,100000,40,20,Slow Circle,0.001858333
2025-11-16 23:42:18,100000,40,20,Fast Circle,0.003261709
2025-11-16 23:42:18,100000,40,20,Slow Oval,0.008173708
2025-11-16 23:42:18,100000,40,20,Fast Oval,0.005885625
2025-11-16 23:42:18,100000,40,20,Slow Circle,0.001645125
2025-11-16 23:42:18,100000,40,20,Fast Circle,0.002507041
2025-11-16 23:42:18,100000,40,20,Slow Oval,0.007377917
2025-11-16 23:42:18,100000,40,20,Fast Oval,0.008039042
2025-11-16 23:42:19,100000,40,20,Slow Circle,0.006529500
2025-11-16 23:42:19,100000,40,20,Fast Circle,0.004616833
2025-11-16 23:42:19,100000,40,20,Slow Oval,0.014668167
2025-11-16 23:42:19,100000,40,20,Fast Oval,0.008380708
2025-11-16 23:42:19,100000,40,20,Slow Circle,0.011470375
2025-11-16 23:42:19,100000,40,20,Fast Circle,0.004405875
2025-11-16 23:42:19,100000,40,20,Slow Oval,0.007879042
2025-11-16 23:42:19,100000,40,20,Fast Oval,0.007668042
2025-11-16 23:42:19,100000,40,20,Slow Circle,0.014087125
2025-11-16 23:42:19,100000,40,20,Fast Circle,0.006285334
2025-11-16 23:42:19,100000,40,20,Slow Oval,0.013679500
2025-11-16 23:42:19,100000,40,20,Fast Oval,0.007930667
2025-11-16 23:42:20,100000,40,20,Slow Circle,0.012916375
2025-11-16 23:42:20,100000,40,20,Fast Circle,0.004702750
2025-11-16 23:42:20,100000,40,20,Slow Oval,0.007747875
2025-11-16 23:42:20,100000,40,20,Fast Oval,0.005830958
2025-11-16 23:42:20,100000,40,20,Slow Circle,0.014860875
2025-11-16 23:42:20,100000,40,20,Fast Circle,0.010354292
2025-11-16 23:42:20,100000,40,20,Slow Oval,0.008236291
2025-11-16 23:42:20,100000,40,20,Fast Oval,0.006136125
2025-11-16 23:42:20,100000,40,20,Slow Circle,0.016346541
2025-11-16 23:42:20,100000,40,20,Fast Circle,0.011548708
2025-11-16 23:42:20,100000,40,20,Slow Oval,0.015493084
2025-11-16 23:42:20,100000,40,20,Fast Oval,0.007783625
2025-11-16 23:42:20,100000,40,20,Slow Circle,0.013082291
2025-11-16 23:42:20,100000,40,20,Fast Circle,0.006219917
2025-11-16 23:42:20,100000,40,20,Slow Oval,0.009543916
2025-11-16 23:42:20,100000,40,20,Fast Oval,0.007161667
2025-11-16 23:42:20,100000,40,20,Slow Circle,0.020352583
2025-11-16 23:42:20,100000,40,20,Fast Circle,0.007527917
2025-11-16 23:42:20,100000,40,20,Slow Oval,0.010126708
2025-11-16 23:42:20,100000,40,20,Fast Oval,0.007078708
2025-11-16 23:42:20,100000,40,20,Slow Circle,0.019006458
2025-11-16 23:42:20,100000,40,20,Fast Circle,0.008938084
2025-11-16 23:42:21,100000,40,20,Slow Oval,0.011802292
2025-11-16 23:42:21,100000,40,20,Fast Oval,0.007947208
2025-11-16 23:42:21,100000,40,20,Slow Circle,0.009834125
2025-11-16 23:42:21,100000,40,20,Fast Circle,0.007809958
2025-11-16 23:42:21,100000,40,20,Slow Oval,0.011155625
2025-11-16 23:42:21,100000,40,20,Fast Oval,0.007947333
2025-11-16 23:42:21,100000,40,20,Slow Circle,0.024792541
2025-11-16 23:42:21,100000,40,20,Fast Circle,0.008984500
2025-11-16 23:42:21,100000,40,20,Slow Oval,0.011636292
2025-11-16 23:42:21,100000,40,20,Fast Oval,0.008506000
2025-11-16 23:42:21,100000,40,20,Slow Circle,0.020521750
2025-11-16 23:42:21,100000,40,20,Fast Circle,0.013803667
2025-11-16 23:42:21,100000,40,20,Slow Oval,0.016661958
2025-11-16 23:42:21,100000,40,20,Fast Oval,0.010066125
2025-11-16 23:42:21,100000,40,20,Slow Circle,0.011575417
2025-11-16 23:42:21,100000,40,20,Fast Circle,0.010141666
2025-11-16 23:42:21,100000,40,20,Slow Oval,0.012456416
2025-11-16 23:42:21,100000,40,20,Fast Oval,0.010512333
2025-11-16 23:42:22,100000,40,10,Slow Circle,0.019313041
2025-11-16 23:42:22,100000,40,10,Fast Circle,0.009995000
2025-11-16 23:42:22,100000,40,10,Slow Oval,0.012925417
2025-11-16 23:42:22,100000,40,10,Fast Oval,0.009573417
2025-11-16 23:42:22,100000,40,20,Slow Circle,0.019824334
2025-11-16 23:42:22,100000,40,20,Fast Circle,0.009921375
2025-11-16 23:42:22,100000,40,20,Slow Oval,0.012436958
2025-11-16 23:42:22,100000,40,20,Fast Oval,0.009467209
2025-11-16 23:42:22,100000,40,10,Slow Circle,0.025459958
2025-11-16 23:42:22,100000,40,10,Fast Circle,0.016731375
2025-11-16 23:42:22,100000,40,10,Slow Oval,0.018533083
2025-11-16 23:42:22,100000,40,10,Fast Oval,0.011003417
2025-11-16 23:42:23,100000,40,20,Slow Circle,0.025680250
2025-11-16 23:42:23,100000,40,20,Fast Circle,0.015411375
2025-11-16 23:42:23,100000,40,20,Slow Oval,0.017054542
2025-11-16 23:42:23,100000,40,20,Fast Oval,0.010714084
2025-11-16 23:42:24,100000,40,10,Slow Circle,0.026140375
2025-11-16 23:42:24,100000,40,10,Fast Circle,0.013867875
2025-11-16 23:42:24,100000,40,10,Slow Oval,0.014214167
2025-11-16 23:42:24,100000,40,10,Fast Oval,0.010216292
2025-11-16 23:42:24,100000,40,20,Slow Circle,0.020568500
2025-11-16 23:42:24,100000,40,20,Fast Circle,0.015410458
2025-11-16 23:42:24,100000,40,20,Slow Oval,0.017451417
2025-11-16 23:42:24,100000,40,20,Fast Oval,0.011711125
2025-11-16 23:42:25,100000,40,20,Slow Circle,0.020211000
2025-11-16 23:42:25,100000,40,20,Fast Circle,0.010047333
2025-11-16 23:42:25,100000,40,20,Slow Oval,0.012913666
2025-11-16 23:42:25,100000,40,20,Fast Oval,0.009387500
2025-11-16 23:42:25,100000,40,20,Slow Circle,0.022138958
2025-11-16 23:42:25,100000,40,20,Fast Circle,0.010076000
2025-11-16 23:42:25,100000,40,20,Slow Oval,0.013050500
2025-11-16 23:42:25,100000,40,20,Fast Oval,0.009645291
2025-11-16 23:42:25,100000,40,20,Slow Circle,0.012188541
2025-11-16 23:42:25,100000,40,20,Fast Circle,0.009979583
2025-11-16 23:42:25,100000,40,20,Slow Oval,0.012468917
2025-11-16 23:42:25,100000,40,20,Fast Oval,0.009943625
2025-11-16 23:42:25,100000,40,20,Slow Circle,0.011741125
2025-11-16 23:42:25,100000,40,20,Fast Circle,0.009874125
2025-11-16 23:42:25,100000,40,20,Slow Oval,0.012483750
2025-11-16 23:42:25,100000,40,20,Fast Oval,0.009857000
2025-11-16 23:42:25,100000,40,20,Slow Circle,0.011631500
2025-11-16 23:42:25,100000,40,20,Fast Circle,0.010016709
2025-11-16 23:42:25,100000,40,20,Slow Oval,0.012702875
2025-11-16 23:42:25,100000,40,20,Fast Oval,0.009653208
2025-11-16 23:42:25,100000,40,20,Slow Circle,0.011560042
2025-11-16 23:42:25,100000,40,20,Fast Circle,0.009851500
2025-11-16 23:42:25,100000,40,20,Slow Oval,0.012615584
2025-11-16 23:42:25,100000,40,20,Fast Oval,0.009413625
2025-11-16 23:42:25,100000,40,20,Slow Circle,0.012721125
2025-11-16 23:42:25,100000,40,20,Fast Circle,0.009928542
2025-11-16 23:42:25,100000,40,20,Slow Oval,0.012561500
2025-11-16 23:42:25,100000,40,20,Fast Oval,0.009554542
2025-11-16 23:42:25,100000,40,20,Slow Circle,0.012158875
2025-11-16 23:42:25,100000,40,20,Fast Circle,0.009807417
2025-11-16 23:42:25,100000,40,20,Slow Oval,0.013305416
2025-11-16 23:42:25,100000,40,20,Fast Oval,0.009439208
2025-11-16 23:42:25,100000,40,20,Slow Circle,0.011738000
2025-11-16 23:42:25,100000,40,20,Fast Circle,0.009887125
2025-11-16 23:42:25,100000,40,20,Slow Oval,0.012453375
2025-11-16 23:42:25,100000,40,20,Fast Oval,0.009708958
2025-11-16 23:42:25,100000,40,20,Slow Circle,0.011620209
2025-11-16 23:42:25,100000,40,20,Fast Circle,0.010001166
2025-11-16 23:42:25,100000,40,20,Slow Oval,0.012513542
2025-11-16 23:42:25,100000,40,20,Fast Oval,0.009582583
2025-11-16 23:42:25,100000,40,20,Slow Circle,0.011783500
2025-11-16 23:42:25,100000,40,20,Fast Circle,0.010132041
2025-11-16 23:42:25,100000,40,20,Slow Oval,0.012585166
2025-11-16 23:42:25,100000,40,20,Fast Oval,0.009695583
2025-11-16 23:42:25,100000,40,20,Slow Circle,0.011468791
2025-11-16 23:42:26,100000,40,20,Fast Circle,0.010169667
2025-11-16 23:42:26,100000,40,20,Slow Oval,0.013009834
2025-11-16 23:42:26,100000,40,20,Fast Oval,0.010145292
2025-11-16 23:42:26,100000,40,20,Slow Circle,0.011659417
2025-11-16 23:42:26,100000,40,20,Fast Circle,0.009992416
2025-11-16 23:42:26,100000,40,20,Slow Oval,0.012938167
2025-11-16 23:42:26,100000,40,20,Fast Oval,0.010090792
2025-11-16 23:42:26,100000,40,20,Slow Circle,0.012487875
2025-11-16 23:42:26,100000,40,20,Fast Circle,0.009927750
2025-11-16 23:42:26,100000,40,20,Slow Oval,0.012631667
2025-11-16 23:42:26,100000,40,20,Fast Oval,0.009551333
2025-11-16 23:42:26,100000,40,20,Slow Circle,0.011684083
2025-11-16 23:42:26,100000,40,20,Fast Circle,0.009892584
2025-11-16 23:42:26,100000,40,20,Slow Oval,0.012474459
2025-11-16 23:42:26,100000,40,20,Fast Oval,0.009774625
2025-11-16 23:42:26,100000,40,20,Slow Circle,0.011602125
2025-11-16 23:42:26,100000,40,20,Fast Circle,0.009966250
2025-11-16 23:42:26,100000,40,20,Slow Oval,0.012830833
2025-11-16 23:42:26,100000,40,20,Fast Oval,0.009483583
2025-11-16 23:42:26,100000,40,20,Slow Circle,0.011504917
2025-11-16 23:42:26,100000,40,20,Fast Circle,0.009795083
2025-11-16 23:42:26,100000,40,20,Slow Oval,0.012341958
2025-11-16 23:42:26,100000,40,20,Fast Oval,0.009614709
2025-11-16 23:42:26,100000,40,20,Slow Circle,0.011465709
2025-11-16 23:42:26,100000,40,20,Fast Circle,0.011385792
2025-11-16 23:42:26,100000,40,20,Slow Oval,0.012507625
2025-11-16 23:42:26,100000,40,20,Fast Oval,0.009673792
2025-11-16 23:42:26,100000,40,20,Slow Circle,0.011712958
2025-11-16 23:42:26,100000,40,20,Fast Circle,0.010471042
2025-11-16 23:42:26,100000,40,20,Slow Oval,0.012706958
2025-11-16 23:42:26,100000,40,20,Fast Oval,0.009887250
2025-11-16 23:42:26,100000,40,20,Slow Circle,0.011630667
2025-11-16 23:42:26,100000,40,20,Fast Circle,0.010061042
2025-11-16 23:42:26,100000,40,20,Slow Oval,0.012512750
2025-11-16 23:42:26,100000,40,20,Fast Oval,0.009461792
2025-11-16 23:42:26,100000,40,20,Slow Circle,0.011618000
2025-11-16 23:42:26,100000,40,20,Fast Circle,0.009963625
2025-11-16 23:42:26,100000,40,20,Slow Oval,0.012549791
2025-11-16 23:42:26,100000,40,20,Fast Oval,0.009603583
2025-11-16 23:42:26,100000,40,20,Slow Circle,0.011696250
2025-11-16 23:42:26,100000,40,20,Fast Circle,0.009937208
2025-11-16 23:42:26,100000,40,20,Slow Oval,0.012375250
2025-11-16 23:42:26,100000,40,20,Fast Oval,0.009378208
2025-11-16 23:42:26,100000,40,20,Slow Circle,0.011544708
2025-11-16 23:42:26,100000,40,20,Fast Circle,0.009738375
2025-11-16 23:42:26,100000,40,20,Slow Oval,0.012422458
2025-11-16 23:42:26,100000,40,20,Fast Oval,0.009518208
2025-11-16 23:42:26,100000,40,20,Slow Circle,0.013215583
2025-11-16 23:42:26,100000,40,20,Fast Circle,0.009922542
2025-11-16 23:42:26,100000,40,20,Slow Oval,0.012506208
2025-11-16 23:42:26,100000,40,20,Fast Oval,0.009776333
2025-11-16 23:42:26,100000,40,20,Slow Circle,0.011874667
2025-11-16 23:42:26,100000,40,20,Fast Circle,0.010396250
2025-11-16 23:42:26,100000,40,20,Slow Oval,0.012530125
2025-11-16 23:42:26,100000,40,20,Fast Oval,0.009541000
2025-11-16 23:42:26,100000,40,20,Slow Circle,0.011586750
2025-11-16 23:42:26,100000,40,20,Fast Circle,0.009945291
2025-11-16 23:42:26,100000,40,20,Slow Oval,0.012484541
2025-11-16 23:42:26,100000,40,20,Fast Oval,0.009751834
2025-11-16 23:42:26,100000,40,20,Slow Circle,0.011604291
2025-11-16 23:42:26,100000,40,20,Fast Circle,0.009961625
2025-11-16 23:42:26,100000,40,20,Slow Oval,0.012447166
2025-11-16 23:42:26,100000,40,20,Fast Oval,0.009987375
2025-11-16 23:42:26,100000,40,20,Slow Circle,0.011520458
2025-11-16 23:42:26,100000,40,20,Fast Circle,0.009832833
2025-11-16 23:42:26,100000,40,20,Slow Oval,0.012326291
2025-11-16 23:42:26,100000,40,20,Fast Oval,0.009546541
2025-11-16 23:42:26,100000,40,20,Slow Circle,0.011549792
2025-11-16 23:42:26,100000,40,20,Fast Circle,0.009800458
2025-11-16 23:42:26,100000,40,20,Slow Oval,0.014000000
2025-11-16 23:42:26,100000,40,20,Fast Oval,0.009635333
2025-11-16 23:42:26,100000,40,20,Slow Circle,0.011700834
2025-11-16 23:42:26,100000,40,20,Fast Circle,0.009978416
2025-11-16 23:42:26,100000,40,20,Slow Oval,0.012830708
2025-11-16 23:42:26,100000,40,20,Fast Oval,0.009582041
2025-11-16 23:42:26,100000,40,20,Slow Circle,0.012525459
2025-11-16 23:42:26,100000,40,20,Fast Circle,0.009835584
2025-11-16 23:42:26,100000,40,20,Slow Oval,0.012543291
2025-11-16 23:42:26,100000,40,20,Fast Oval,0.009471750
2025-11-16 23:42:26,100000,40,20,Slow Circle,0.011665042
2025-11-16 23:42:26,100000,40,20,Fast Circle,0.009944625
2025-11-16 23:42:26,100000,40,20,Slow Oval,0.012545167
2025-11-16 23:42:26,100000,40,20,Fast Oval,0.009578583
2025-11-16 23:42:26,100000,40,20,Slow Circle,0.011682458
2025-11-16 23:42:26,100000,40,20,Fast Circle,0.010243375
2025-11-16 23:42:26,100000,40,20,Slow Oval,0.012559167
2025-11-16 23:42:26,100000,40,20,Fast Oval,0.009393541
2025-11-16 23:42:26,100000,40,20,Slow Circle,0.011529708
2025-11-16 23:42:26,100000,40,20,Fast Circle,0.009734791
2025-11-16 23:42:26,100000,40,20,Slow Oval,0.012348500
2025-11-16 23:42:27,100000,40,20,Fast Oval,0.009299875
2025-11-16 23:42:27,100000,40,20,Slow Circle,0.011578500
2025-11-16 23:42:27,100000,40,20,Fast Circle,0.011275333
2025-11-16 23:42:27,100000,40,20,Slow Oval,0.012483042
2025-11-16 23:42:27,100000,40,20,Fast Oval,0.009464333
2025-11-16 23:42:27,100000,40,20,Slow Circle,0.011883250
2025-11-16 23:42:27,100000,40,20,Fast Circle,0.010050459
2025-11-16 23:42:27,100000,40,20,Slow Oval,0.013008208
2025-11-16 23:42:27,100000,40,20,Fast Oval,0.009843500
2025-11-16 23:42:27,100000,40,20,Slow Circle,0.011663833
2025-11-16 23:42:27,100000,40,20,Fast Circle,0.009914167
2025-11-16 23:42:27,100000,40,20,Slow Oval,0.012523125
2025-11-16 23:42:27,100000,40,20,Fast Oval,0.009726250
2025-11-16 23:42:27,100000,40,20,Slow Circle,0.011636500
2025-11-16 23:42:27,100000,40,20,Fast Circle,0.010169916
2025-11-16 23:42:27,100000,40,20,Slow Oval,0.012427333
2025-11-16 23:42:27,100000,40,20,Fast Oval,0.009802917
2025-11-16 23:42:27,100000,40,20,Slow Circle,0.011688125
2025-11-16 23:42:27,100000,40,20,Fast Circle,0.010078666
2025-11-16 23:42:27,100000,40,20,Slow Oval,0.012401250
2025-11-16 23:42:27,100000,40,20,Fast Oval,0.009886125
2025-11-16 23:42:27,100000,40,20,Slow Circle,0.011540166
2025-11-16 23:42:27,100000,40,20,Fast Circle,0.010077917
2025-11-16 23:42:27,100000,40,20,Slow Oval,0.012316875
2025-11-16 23:42:27,100000,40,20,Fast Oval,0.011171041
2025-11-16 23:42:27,100000,40,20,Slow Circle,0.011653916
2025-11-16 23:42:27,100000,40,20,Fast Circle,0.009944583
2025-11-16 23:42:27,100000,40,20,Slow Oval,0.012487375
2025-11-16 23:42:27,100000,40,20,Fast Oval,0.009929208
2025-11-16 23:42:27,100000,40,20,Slow Circle,0.011775125
2025-11-16 23:42:27,100000,40,20,Fast Circle,0.010456125
2025-11-16 23:42:27,100000,40,20,Slow Oval,0.012638375
2025-11-16 23:42:27,100000,40,20,Fast Oval,0.009666625
2025-11-16 23:42:27,100000,40,20,Slow Circle,0.011714250
2025-11-16 23:42:27,100000,40,20,Fast Circle,0.009979375
2025-11-16 23:42:27,100000,40,20,Slow Oval,0.012516792
2025-11-16 23:42:27,100000,40,20,Fast Oval,0.009640917
2025-11-16 23:42:27,100000,40,20,Slow Circle,0.011687459
2025-11-16 23:42:27,100000,40,20,Fast Circle,0.009941459
2025-11-16 23:42:27,100000,40,20,Slow Oval,0.012668375
2025-11-16 23:42:27,100000,40,20,Fast Oval,0.009451334
2025-11-16 23:42:27,100000,40,20,Slow Circle,0.011502875
2025-11-16 23:42:27,100000,40,20,Fast Circle,0.010134792
2025-11-16 23:42:27,100000,40,20,Slow Oval,0.012136958
2025-11-16 23:42:27,100000,40,20,Fast Oval,0.009819708
2025-11-16 23:42:27,100000,40,20,Slow Circle,0.011639959
2025-11-16 23:42:27,100000,40,20,Fast Circle,0.009952125
2025-11-16 23:42:27,100000,40,20,Slow Oval,0.014133166
2025-11-16 23:42:27,100000,40,20,Fast Oval,0.009571166
2025-11-16 23:42:27,100000,40,20,Slow Circle,0.011696875
2025-11-16 23:42:27,100000,40,20,Fast Circle,0.010545042
2025-11-16 23:42:27,100000,40,20,Slow Oval,0.012787833
2025-11-16 23:42:27,100000,40,20,Fast Oval,0.010209834
2025-11-16 23:42:27,100000,40,20,Slow Circle,0.011732833
2025-11-16 23:42:27,100000,40,20,Fast Circle,0.010053458
2025-11-16 23:42:27,100000,40,20,Slow Oval,0.012506208
2025-11-16 23:42:27,100000,40,20,Fast Oval,0.009654333
2025-11-16 23:42:27,100000,40,20,Slow Circle,0.011653291
2025-11-16 23:42:27,100000,40,20,Fast Circle,0.009916042
2025-11-16 23:42:27,100000,40,20,Slow Oval,0.012577375
2025-11-16 23:42:27,100000,40,20,Fast Oval,0.009468125
2025-11-16 23:42:27,100000,40,20,Slow Circle,0.011752250
2025-11-16 23:42:27,100000,40,20,Fast Circle,0.010093292
2025-11-16 23:42:27,100000,40,20,Slow Oval,0.012347041
2025-11-16 23:42:27,100000,40,20,Fast Oval,0.009545125
2025-11-16 23:42:27,100000,40,20,Slow Circle,0.011546291
2025-11-16 23:42:27,100000,40,20,Fast Circle,0.009801500
2025-11-16 23:42:27,100000,40,20,Slow Oval,0.012379625
2025-11-16 23:42:27,100000,40,20,Fast Oval,0.009524042
2025-11-16 23:42:27,100000,40,20,Slow Circle,0.012864500
2025-11-16 23:42:27,100000,40,20,Fast Circle,0.010028959
2025-11-16 23:42:27,100000,40,20,Slow Oval,0.012455250
2025-11-16 23:42:27,100000,40,20,Fast Oval,0.009633541
2025-11-16 23:42:27,100000,40,20,Slow Circle,0.012194417
2025-11-16 23:42:27,100000,40,20,Fast Circle,0.009852166
2025-11-16 23:42:27,100000,40,20,Slow Oval,0.013111708
2025-11-16 23:42:27,100000,40,20,Fast Oval,0.009664875
2025-11-16 23:42:27,100000,40,20,Slow Circle,0.011576583
2025-11-16 23:42:27,100000,40,20,Fast Circle,0.009888000
2025-11-16 23:42:27,100000,40,20,Slow Oval,0.012399166
2025-11-16 23:42:27,100000,40,20,Fast Oval,0.009518000
2025-11-16 23:42:27,100000,40,20,Slow Circle,0.011730875
2025-11-16 23:42:27,100000,40,20,Fast Circle,0.010056833
2025-11-16 23:42:27,100000,40,20,Slow Oval,0.012678292
2025-11-16 23:42:27,100000,40,20,Fast Oval,0.009553333
2025-11-16 23:42:27,100000,40,20,Slow Circle,0.011815042
2025-11-16 23:42:27,100000,40,20,Fast Circle,0.009705250
2025-11-16 23:42:27,100000,40,20,Slow Oval,0.012237959
2025-11-16 23:42:27,100000,40,20,Fast Oval,0.009324500
2025-11-16 23:42:27,100000,40,20,Slow Circle,0.011533417
2025-11-16 23:42:28,100000,40,20,Fast Circle,0.009725625
2025-11-16 23:42:28,100000,40,20,Slow Oval,0.012323417
2025-11-16 23:42:28,100000,40,20,Fast Oval,0.010656458
2025-11-16 23:42:28,100000,40,20,Slow Circle,0.011640167
2025-11-16 23:42:28,100000,40,20,Fast Circle,0.010122167
2025-11-16 23:42:28,100000,40,20,Slow Oval,0.012798958
2025-11-16 23:42:28,100000,40,20,Fast Oval,0.009666209
2025-11-16 23:42:28,100000,40,20,Slow Circle,0.012001667
2025-11-16 23:42:28,100000,40,20,Fast Circle,0.010400542
2025-11-16 23:42:28,100000,40,20,Slow Oval,0.012472791
2025-11-16 23:42:28,100000,40,20,Fast Oval,0.009359708
2025-11-16 23:42:28,100000,40,20,Slow Circle,0.011670083
2025-11-16 23:42:28,100000,40,20,Fast Circle,0.010554458
2025-11-16 23:42:28,100000,40,20,Slow Oval,0.012493708
2025-11-16 23:42:28,100000,40,20,Fast Oval,0.009455625
2025-11-16 23:42:28,100000,40,20,Slow Circle,0.011719333
2025-11-16 23:42:28,100000,40,20,Fast Circle,0.010110917
2025-11-16 23:42:28,100000,40,20,Slow Oval,0.012620875
2025-11-16 23:42:28,100000,40,20,Fast Oval,0.009247750
2025-11-16 23:42:28,100000,40,20,Slow Circle,0.011577875
2025-11-16 23:42:28,100000,40,20,Fast Circle,0.009882709
2025-11-16 23:42:28,100000,40,20,Slow Oval,0.012410125
2025-11-16 23:42:28,100000,40,20,Fast Oval,0.009295083
2025-11-16 23:42:28,100000,40,20,Slow Circle,0.011528917
2025-11-16 23:42:28,100000,40,20,Fast Circle,0.010792333
2025-11-16 23:42:28,100000,40,20,Slow Oval,0.013018208
2025-11-16 23:42:28,100000,40,20,Fast Oval,0.009567209
2025-11-16 23:42:28,100000,40,20,Slow Circle,0.011734250
2025-11-16 23:42:28,100000,40,20,Fast Circle,0.010814708
2025-11-16 23:42:28,100000,40,20,Slow Oval,0.012684084
2025-11-16 23:42:28,100000,40,20,Fast Oval,0.010001333
2025-11-16 23:42:28,100000,40,20,Slow Circle,0.011728833
2025-11-16 23:42:28,100000,40,20,Fast Circle,0.010111500
2025-11-16 23:42:28,100000,40,20,Slow Oval,0.012597250
2025-11-16 23:42:28,100000,40,20,Fast Oval,0.009585500
2025-11-16 23:42:28,100000,40,20,Slow Circle,0.011659583
2025-11-16 23:42:28,100000,40,20,Fast Circle,0.009980000
2025-11-16 23:42:28,100000,40,20,Slow Oval,0.012564000
2025-11-16 23:42:28,100000,40,20,Fast Oval,0.009592625
2025-11-16 23:42:28,100000,40,20,Slow Circle,0.011748417
2025-11-16 23:42:28,100000,40,20,Fast Circle,0.010107542
2025-11-16 23:42:28,100000,40,20,Slow Oval,0.012578792
2025-11-16 23:42:28,100000,40,20,Fast Oval,0.009430375
2025-11-16 23:42:28,100000,40,20,Slow Circle,0.011563708
2025-11-16 23:42:28,100000,40,20,Fast Circle,0.009750417
2025-11-16 23:42:28,100000,40,20,Slow Oval,0.012362375
2025-11-16 23:42:28,100000,40,20,Fast Oval,0.009313500
2025-11-16 23:42:28,100000,40,20,Slow Circle,0.012641958
2025-11-16 23:42:28,100000,40,20,Fast Circle,0.009844375
2025-11-16 23:42:28,100000,40,20,Slow Oval,0.012434000
2025-11-16 23:42:28,100000,40,20,Fast Oval,0.009766042
2025-11-16 23:42:28,100000,40,20,Slow Circle,0.012149458
2025-11-16 23:42:28,100000,40,20,Fast Circle,0.009992708
2025-11-16 23:42:28,100000,40,20,Slow Oval,0.013179541
2025-11-16 23:42:28,100000,40,20,Fast Oval,0.009601083
2025-11-16 23:42:28,100000,40,20,Slow Circle,0.011635458
2025-11-16 23:42:28,100000,40,20,Fast Circle,0.010043834
2025-11-16 23:42:28,100000,40,20,Slow Oval,0.012491000
2025-11-16 23:42:28,100000,40,20,Fast Oval,0.009486417
2025-11-16 23:42:28,100000,40,20,Slow Circle,0.011694000
2025-11-16 23:42:28,100000,40,20,Fast Circle,0.009942458
2025-11-16 23:42:28,100000,40,20,Slow Oval,0.012511333
2025-11-16 23:42:28,100000,40,20,Fast Oval,0.009701250
2025-11-16 23:42:28,100000,40,20,Slow Circle,0.011593500
2025-11-16 23:42:28,100000,40,20,Fast Circle,0.009857208
2025-11-16 23:42:28,100000,40,20,Slow Oval,0.012514625
2025-11-16 23:42:28,100000,40,20,Fast Oval,0.009575208
2025-11-16 23:42:28,100000,40,20,Slow Circle,0.011474292
2025-11-16 23:42:28,100000,40,20,Fast Circle,0.009973000
2025-11-16 23:42:28,100000,40,20,Slow Oval,0.013413792
2025-11-16 23:42:28,100000,40,20,Fast Oval,0.009771375
2025-11-16 23:42:28,100000,40,20,Slow Circle,0.011702375
2025-11-16 23:42:28,100000,40,20,Fast Circle,0.009975708
2025-11-16 23:42:28,100000,40,20,Slow Oval,0.012939375
2025-11-16 23:42:28,100000,40,20,Fast Oval,0.009743667
2025-11-16 23:42:28,100000,40,20,Slow Circle,0.012479667
2025-11-16 23:42:28,100000,40,20,Fast Circle,0.009982208
2025-11-16 23:42:28,100000,40,20,Slow Oval,0.012743500
2025-11-16 23:42:28,100000,40,20,Fast Oval,0.009557792
2025-11-16 23:42:28,100000,40,20,Slow Circle,0.011609583
2025-11-16 23:42:28,100000,40,20,Fast Circle,0.009929541
2025-11-16 23:42:28,100000,40,20,Slow Oval,0.012497958
2025-11-16 23:42:28,100000,40,20,Fast Oval,0.009521416
2025-11-16 23:42:28,100000,40,20,Slow Circle,0.011638917
2025-11-16 23:42:28,100000,40,20,Fast Circle,0.009993500
2025-11-16 23:42:28,100000,40,20,Slow Oval,0.012571500
2025-11-16 23:42:28,100000,40,20,Fast Oval,0.009368833
2025-11-16 23:42:28,100000,40,20,Slow Circle,0.011576959
2025-11-16 23:42:28,100000,40,20,Fast Circle,0.010227458
2025-11-16 23:42:29,100000,40,20,Slow Oval,0.012736167
2025-11-16 23:42:29,100000,40,20,Fast Oval,0.009579333
2025-11-16 23:42:29,100000,40,20,Slow Circle,0.011599875
2025-11-16 23:42:29,100000,40,20,Fast Circle,0.011884208
2025-11-16 23:42:29,100000,40,20,Slow Oval,0.012503708
2025-11-16 23:42:29,100000,40,20,Fast Oval,0.009449542
2025-11-16 23:42:29,100000,40,20,Slow Circle,0.011918042
2025-11-16 23:42:29,100000,40,20,Fast Circle,0.010149625
2025-11-16 23:42:29,100000,40,20,Slow Oval,0.013003708
2025-11-16 23:42:29,100000,40,20,Fast Oval,0.009692500
2025-11-16 23:42:29,100000,40,20,Slow Circle,0.011699959
2025-11-16 23:42:29,100000,40,20,Fast Circle,0.009914750
2025-11-16 23:42:29,100000,40,20,Slow Oval,0.012598709
2025-11-16 23:42:29,100000,40,20,Fast Oval,0.009722833
2025-11-16 23:42:29,100000,40,20,Slow Circle,0.011669458
2025-11-16 23:42:29,100000,40,20,Fast Circle,0.010180292
2025-11-16 23:42:29,100000,40,20,Slow Oval,0.012625084
2025-11-16 23:42:29,100000,40,20,Fast Oval,0.009539375
2025-11-16 23:42:29,100000,40,20,Slow Circle,0.011899125
2025-11-16 23:42:29,100000,40,20,Fast Circle,0.009817083
2025-11-16 23:42:29,100000,40,20,Slow Oval,0.012357791
2025-11-16 23:42:29,100000,40,20,Fast Oval,0.009322583
2025-11-16 23:42:29,100000,40,20,Slow Circle,0.011585916
2025-11-16 23:42:29,100000,40,20,Fast Circle,0.009932625
2025-11-16 23:42:29,100000,40,20,Slow Oval,0.012285667
2025-11-16 23:42:29,100000,40,20,Fast Oval,0.011245125
2025-11-16 23:42:29,100000,40,20,Slow Circle,0.011644750
2025-11-16 23:42:29,100000,40,20,Fast Circle,0.009935459
2025-11-16 23:42:29,100000,40,20,Slow Oval,0.012493458
2025-11-16 23:42:29,100000,40,20,Fast Oval,0.009964542
2025-11-16 23:42:29,100000,40,20,Slow Circle,0.011771750
2025-11-16 23:42:29,100000,40,20,Fast Circle,0.010477500
2025-11-16 23:42:29,100000,40,20,Slow Oval,0.012413458
2025-11-16 23:42:29,100000,40,20,Fast Oval,0.009560291
2025-11-16 23:42:29,100000,40,20,Slow Circle,0.011697709
2025-11-16 23:42:29,100000,40,20,Fast Circle,0.010070667
2025-11-16 23:42:29,100000,40,20,Slow Oval,0.012457875
2025-11-16 23:42:29,100000,40,20,Fast Oval,0.009490208
2025-11-16 23:42:29,100000,40,20,Slow Circle,0.011601250
2025-11-16 23:42:29,100000,40,20,Fast Circle,0.009994042
2025-11-16 23:42:29,100000,40,20,Slow Oval,0.012564875
2025-11-16 23:42:29,100000,40,20,Fast Oval,0.009850000
2025-11-16 23:42:29,100000,40,20,Slow Circle,0.011537500
2025-11-16 23:42:29,100000,40,20,Fast Circle,0.010066125
2025-11-16 23:42:29,100000,40,20,Slow Oval,0.013406625
2025-11-16 23:42:29,100000,40,20,Fast Oval,0.009494584
2025-11-16 23:42:29,100000,40,20,Slow Circle,0.011494375
2025-11-16 23:42:29,100000,40,20,Fast Circle,0.009970709
2025-11-16 23:42:29,100000,40,20,Slow Oval,0.014313583
2025-11-16 23:42:29,100000,40,20,Fast Oval,0.009417833
2025-11-16 23:42:29,100000,40,20,Slow Circle,0.011586750
2025-11-16 23:42:29,100000,40,20,Fast Circle,0.010126500
2025-11-16 23:42:29,100000,40,20,Slow Oval,0.012929583
2025-11-16 23:42:29,100000,40,20,Fast Oval,0.010156000
2025-11-16 23:42:29,100000,40,20,Slow Circle,0.011743166
2025-11-16 23:42:29,100000,40,20,Fast Circle,0.009973500
2025-11-16 23:42:29,100000,40,20,Slow Oval,0.012530333
2025-11-16 23:42:29,100000,40,20,Fast Oval,0.009703084
2025-11-16 23:42:29,100000,40,20,Slow Circle,0.011673708
2025-11-16 23:42:29,100000,40,20,Fast Circle,0.009986041
2025-11-16 23:42:29,100000,40,20,Slow Oval,0.012460375
2025-11-16 23:42:29,100000,40,20,Fast Oval,0.009664125
2025-11-16 23:42:29,100000,40,20,Slow Circle,0.011672375
2025-11-16 23:42:29,100000,40,20,Fast Circle,0.010158916
2025-11-16 23:42:29,100000,40,20,Slow Oval,0.012302834
2025-11-16 23:42:29,100000,40,20,Fast Oval,0.009597083
2025-11-16 23:42:29,100000,40,20,Slow Circle,0.011536125
2025-11-16 23:42:29,100000,40,20,Fast Circle,0.009979375
2025-11-16 23:42:29,100000,40,20,Slow Oval,0.012328583
2025-11-16 23:42:29,100000,40,20,Fast Oval,0.009667166
2025-11-16 23:42:29,100000,40,20,Slow Circle,0.012689375
2025-11-16 23:42:29,100000,40,20,Fast Circle,0.009969334
2025-11-16 23:42:29,100000,40,20,Slow Oval,0.012471417
2025-11-16 23:42:29,100000,40,20,Fast Oval,0.009570083
2025-11-16 23:42:29,100000,40,20,Slow Circle,0.011956000
2025-11-16 23:42:29,100000,40,20,Fast Circle,0.009865542
2025-11-16 23:42:29,100000,40,20,Slow Oval,0.013070375
2025-11-16 23:42:29,100000,40,20,Fast Oval,0.009700458
2025-11-16 23:42:29,100000,40,20,Slow Circle,0.011674208
2025-11-16 23:42:29,100000,40,20,Fast Circle,0.010266291
2025-11-16 23:42:29,100000,40,20,Slow Oval,0.012406291
2025-11-16 23:42:29,100000,40,20,Fast Oval,0.009688583
2025-11-16 23:42:29,100000,40,20,Slow Circle,0.011630500
2025-11-16 23:42:29,100000,40,20,Fast Circle,0.010058208
2025-11-16 23:42:29,100000,40,20,Slow Oval,0.012684042
2025-11-16 23:42:29,100000,40,20,Fast Oval,0.009586125
2025-11-16 23:42:29,100000,40,20,Slow Circle,0.011697959
2025-11-16 23:42:29,100000,40,20,Fast Circle,0.009832917
2025-11-16 23:42:29,100000,40,20,Slow Oval,0.012221334
2025-11-16 23:42:29,100000,40,20,Fast Oval,0.009367417
2025-11-16 23:42:30,100000,40,20,Slow Circle,0.011516458
2025-11-16 23:42:30,100000,40,20,Fast Circle,0.009953500
2025-11-16 23:42:30,100000,40,20,Slow Oval,0.012498625
2025-11-16 23:42:30,100000,40,20,Fast Oval,0.011578917
2025-11-16 23:42:30,100000,40,20,Slow Circle,0.011720125
2025-11-16 23:42:30,100000,40,20,Fast Circle,0.009903458
2025-11-16 23:42:30,100000,40,20,Slow Oval,0.012710208
2025-11-16 23:42:30,100000,40,20,Fast Oval,0.009674208
2025-11-16 23:42:30,100000,40,20,Slow Circle,0.012048250
2025-11-16 23:42:30,100000,40,20,Fast Circle,0.010385959
2025-11-16 23:42:30,100000,40,20,Slow Oval,0.012493458
2025-11-16 23:42:30,100000,40,20,Fast Oval,0.009485458
2025-11-16 23:42:30,100000,40,20,Slow Circle,0.011663625
2025-11-16 23:42:30,100000,40,20,Fast Circle,0.010212125
2025-11-16 23:42:30,100000,40,20,Slow Oval,0.012506042
2025-11-16 23:42:30,100000,40,20,Fast Oval,0.009482458
2025-11-16 23:42:30,100000,40,20,Slow Circle,0.011806000
2025-11-16 23:42:30,100000,40,20,Fast Circle,0.010148792
2025-11-16 23:42:30,100000,40,20,Slow Oval,0.012682708
2025-11-16 23:42:30,100000,40,20,Fast Oval,0.009397416
2025-11-16 23:42:30,100000,40,20,Slow Circle,0.011543042
2025-11-16 23:42:30,100000,40,20,Fast Circle,0.009861958
2025-11-16 23:42:30,100000,40,20,Slow Oval,0.012278208
2025-11-16 23:42:30,100000,40,20,Fast Oval,0.009412667
2025-11-16 23:42:30,100000,40,20,Slow Circle,0.011429459
2025-11-16 23:42:30,100000,40,20,Fast Circle,0.011145333
2025-11-16 23:42:30,100000,40,20,Slow Oval,0.012541834
2025-11-16 23:42:30,100000,40,20,Fast Oval,0.009524333
2025-11-16 23:42:30,100000,40,20,Slow Circle,0.011694250
2025-11-16 23:42:30,100000,40,20,Fast Circle,0.010633083
2025-11-16 23:42:30,100000,40,20,Slow Oval,0.012709542
2025-11-16 23:42:30,100000,40,20,Fast Oval,0.010252333
2025-11-16 23:42:30,100000,40,20,Slow Circle,0.011768708
2025-11-16 23:42:30,100000,40,20,Fast Circle,0.009960875
2025-11-16 23:42:30,100000,40,20,Slow Oval,0.012598709
2025-11-16 23:42:30,100000,40,20,Fast Oval,0.009664959
2025-11-16 23:42:30,100000,40,20,Slow Circle,0.011764166
2025-11-16 23:42:30,100000,40,20,Fast Circle,0.009999083
2025-11-16 23:42:30,100000,40,20,Slow Oval,0.012585708
2025-11-16 23:42:30,100000,40,20,Fast Oval,0.009525166
2025-11-16 23:42:30,100000,40,20,Slow Circle,0.011733292
2025-11-16 23:42:30,100000,40,20,Fast Circle,0.010188792
2025-11-16 23:42:30,100000,40,20,Slow Oval,0.012355708
2025-11-16 23:42:30,100000,40,20,Fast Oval,0.009523166
2025-11-16 23:42:30,100000,40,20,Slow Circle,0.011552708
2025-11-16 23:42:30,100000,40,20,Fast Circle,0.009807500
2025-11-16 23:42:30,100000,40,20,Slow Oval,0.012362167
2025-11-16 23:42:30,100000,40,20,Fast Oval,0.009523833
2025-11-16 23:42:30,100000,40,20,Slow Circle,0.012918333
2025-11-16 23:42:30,100000,40,20,Fast Circle,0.010012583
2025-11-16 23:42:30,100000,40,20,Slow Oval,0.012624334
2025-11-16 23:42:30,100000,40,20,Fast Oval,0.009725333
2025-11-16 23:42:30,100000,40,20,Slow Circle,0.011991333
2025-11-16 23:42:30,100000,40,20,Fast Circle,0.010508583
2025-11-16 23:42:30,100000,40,20,Slow Oval,0.012441708
2025-11-16 23:42:30,100000,40,20,Fast Oval,0.009577459
2025-11-16 23:42:30,100000,40,20,Slow Circle,0.011637583
2025-11-16 23:42:30,100000,40,20,Fast Circle,0.010032125
2025-11-16 23:42:30,100000,40,20,Slow Oval,0.012628875
2025-11-16 23:42:30,100000,40,20,Fast Oval,0.009624292
2025-11-16 23:42:30,100000,40,20,Slow Circle,0.011688541
2025-11-16 23:42:30,100000,40,20,Fast Circle,0.010039625
2025-11-16 23:42:30,100000,40,20,Slow Oval,0.012531250
2025-11-16 23:42:30,100000,40,20,Fast Oval,0.009907875
2025-11-16 23:42:30,100000,40,20,Slow Circle,0.011579916
2025-11-16 23:42:30,100000,40,20,Fast Circle,0.009805292
2025-11-16 23:42:30,100000,40,20,Slow Oval,0.012457709
2025-11-16 23:42:30,100000,40,20,Fast Oval,0.009813166